Workbook

Sheet How to use
A1: Magana Learn — Data Sources Tracker
A2: Last updated 25 Oct 2026. Kept in the repo at docs/data_sources_tracker.xlsx; docs/DATA_SOURCES.md mirrors it (a test checks both list the same sources).
A4: Tabs
A5: Sources — every source we plan to use: link, licence, what we may do with it, owner and status.
A6: Capture log — one row per photographed page in our benchmark. 'Pages collected' on Sources counts these rows automatically.
A7: Permissions — written permission from teachers, schools or publishers. Keep the signed form or message as evidence.
A8: Credits — attribution lines built automatically from Sources, for the README and the submission documentation.
A10: What to edit
A11: Pale-yellow cells are inputs: Owner, Status, Target pages, Notes, and every cell in Capture log and Permissions.
A12: Do not edit Pages collected or the Credits tab: they are formulas.
A14: Team rules
A15: 1. Published benchmark and demo: only open-licence (CC BY / CC BY-SA), our own pages, or written permission.
... A20: 6. Licences marked 'To verify' must be checked on the source page before use.

Sheet Sources
A1: ID | B1: Source | C1: Category | D1: Language | E1: Link | F1: Licence | G1: Licence checked? | H1: Can we publish it? | I1: What we can use it for | J1: Credit line to use | K1: Owner | L1: Status | M1: Target pages | N1: Pages collected | O1: Notes
A2: S01 | B2: OpenStax Biology 2e | C2: Textbook (secondary/tertiary) | D2: English | E2: https://openstax.org/books/biology/pages/preface | F2: CC BY 4.0 | G2: Verified 23 Oct 2026 | H2: Yes, with credit | I2: Biology pages for benchmark: text, tables, diagrams | J2: Biology 2e, OpenStax, licensed under CC BY 4.0 | K2: Daniel | L2: Not started | M2: 20 | N2: =COUNTIF('Capture log'!$B$3:$B$202,A2)
A3: S02 | B3: African Storybook | C3: Primary readers | D3: Many incl. Nigerian languages (check titles) | E3: https://www.africanstorybook.org | F3: Open licences, usually CC BY | G3: To verify per title | H3: Yes, with credit (per title) | I3: Primary-level reading pages in Hausa, Yoruba, Igbo | J3: [Title], African Storybook, [licence of that title] | K3: Daniel | L3: Not started | M3: 10 | N3: =COUNTIF('Capture log'!$B$3:$B$202,A3)
A4: S03 | B4: Biblica Open Hausa Contemporary Bible | C4: Daily reading (religious) | D4: Hausa | E4: https://ebible.org/study/content/texts/hausa/about.html | F4: CC BY-SA 4.0 | G4: Verified 23 Oct 2026 | H4: Yes, share-alike | I4: Daily Bible-reading test pages; Hausa reading | J4: Biblica Open Hausa Contemporary Bible, Biblica Inc., CC BY-SA 4.0 | K4: Balogun | L4: Not started | M4: 5 | N4: =COUNTIF('Capture log'!$B$3:$B$202,A4)
A5: S04 | B5: Litafi Mai-tsarki (Hausa New Testament, Door43) | C5: Daily reading (religious) | D5: Hausa | E5: https://ebible.org/study/content/texts/hauulb/about.html | F5: CC BY-SA 4.0 | G5: Verified 23 Oct 2026 | H5: Yes, share-alike | I5: Alternative Hausa text | J5: Litafi Mai-tsarki, Door43 World Missions Community, CC BY-SA 4.0 | K5: Balogun | L5: Not started | M5: 0 | N5: =COUNTIF('Capture log'!$B$3:$B$202,A5)
A6: S05 | B6: Biblica Open Yoruba Contemporary Bible | C6: Daily reading (religious) | D6: Yoruba | E6: https://ebible.org/study/content/texts/yor/about.html | F6: CC BY-SA 4.0 | G6: Verified 23 Oct 2026 | H6: Yes, share-alike | I6: Daily Bible-reading test pages; Yoruba reading | J6: Biblica Open Yoruba Contemporary Bible, Biblica Inc., CC BY-SA 4.0 | K6: Balogun | L6: Not started | M6: 5 | N6: =COUNTIF('Capture log'!$B$3:$B$202,A6)
A7: S06 | B7: Biblica Open Igbo Contemporary Bible | C7: Daily reading (religious) | D7: Igbo | E7: https://ebible.org/study/content/texts/ibo/about.html | F7: CC BY-SA 4.0 | G7: Verified 23 Oct 2026 | H7: Yes, share-alike | I7: Daily Bible-reading test pages; Igbo reading | J7: Biblica Open Igbo Contemporary Bible, Biblica Inc., CC BY-SA 4.0 | K7: Balogun | L7: Not started | M7: 5 | N7: =COUNTIF('Capture log'!$B$3:$B$202,A7)
A8: S07 | B8: Qur'an, Arabic text (AlQuran Cloud / Tanzil) | C8: Daily reading (religious) | D8: Arabic | E8: https://alquran.cloud/terms-and-conditions | F8: Free non-commercial reproduction with acknowledgement; text must not be altered | G8: Verified 23 Oct 2026 | H8: Yes, non-commercial, unaltered | I8: Daily Qur'an-reading test pages | J8: Qur'an text via AlQuran Cloud and Tanzil.net | K8: Dr. Amos | L8: Not started | M8: 5 | N8: =COUNTIF('Capture log'!$B$3:$B$202,A8)
A9: S08 | B9: Qur'an translations (Hausa, Yoruba) | C9: Daily reading (religious) | D9: Hausa, Yoruba | E9: [link to each translation] | F9: Varies by translation | G9: To verify | H9: No — until licence confirmed | I9: Local-language daily reading | J9: [Translation name, translator, licence] | K9: Dr. Amos | L9: Not started | M9: 0 | N9: =COUNTIF('Capture log'!$B$3:$B$202,A9)
A10: S09 | B10: Hesperian health guides (e.g. Where There Is No Doctor) | C10: Health materials | D10: English (+ some local) | E10: https://languages.hesperian.org/pages/sd/pdf.html | F10: Copyrighted; free PDFs, sharing by link encouraged | G10: Verified 23 Oct 2026 | H10: No — needs permission | I10: Health-reading test pages, once Hesperian agrees | J10: Hesperian Health Guides, used with permission | K10: Dr. Amos | L10: Not started | M10: 0 | N10: =COUNTIF('Capture log'!$B$3:$B$202,A10)
A11: S10 | B11: WAEC past questions (Waeckonnect, official portal) | C11: Exam past questions | D11: English | E11: https://waeckonnect.com | F11: Copyrighted by WAEC; portal terms not yet known | G11: To verify | H11: No — needs written permission | I11: Private testing only until WAEC/DSN permission | J11: West African Examinations Council, used with permission | K11: Daniel | L11: Not started | M11: 0 | N11: =COUNTIF('Capture log'!$B$3:$B$202,A11)
A12: S11 | B12: NECO past questions | C12: Exam past questions | D12: English | E12: https://neco.gov.ng | F12: Copyrighted by NECO | G12: To verify | H12: No — needs written permission | I12: Private testing only until permission | J12: National Examinations Council, used with permission | K12: Daniel | L12: Not started | M12: 0 | N12: =COUNTIF('Capture log'!$B$3:$B$202,A12)
A13: S12 | B13: JAMB past questions | C13: Exam past questions | D13: English | E13: https://jamb.gov.ng | F13: Copyrighted by JAMB | G13: To verify | H13: No — needs written permission | I13: Private testing only until permission | J13: Joint Admissions and Matriculation Board, used with permission | K13: Daniel | L13: Not started | M13: 0 | N13: =COUNTIF('Capture log'!$B$3:$B$202,A13)
... A15: S14 | B15: Teacher-made notes and tests (via Balogun's contacts) | C15: Teacher materials | D15: English (+ local if available) | E15: [shared privately] | F15: Teacher's own work | G15: Permission form | H15: Yes, with written permission | I15: Extra subjects; inclusive/special-school materials | J15: [Teacher name, school], used with permission | K15: Balogun | L15: Not started | M15: 20 | N15: =COUNTIF('Capture log'!$B$3:$B$202,A15)
A16: S15 | B16: Team-written practice questions (WAEC-style, and primary to SSS sample packs) | C16: Own content | D16: English | E16: app/assets/quiz/ (repo) | F16: Our own, released CC BY 4.0 | G16: N/A — our own | H16: Yes | I16: Voice quiz content; benchmark | J16: Magana Learn team, CC BY 4.0 | K16: Daniel | L16: Collecting | M16: 50 | N16: =COUNTIF('Capture log'!$B$3:$B$202,A16) | O16: In use: 130 questions (SSS Biology 10; 12 sample packs × 10). Marked sample; to be reviewed by a teacher of each subject. Not past questions.
A17: S16 | B17: Team-made daily-life pages (notices, receipts, mock medicine labels) | C17: Own content | D17: English, Hausa, Yoruba, Igbo | E17: benchmark/explain/pages/ (repo) | F17: Our own, released CC BY 4.0 | G17: N/A — our own | H17: Yes | I17: Daily-reading tests (independence measure) | J17: Magana Learn team, CC BY 4.0 | K17: Dr. Amos | L17: Collecting | M17: 10 | N17: =COUNTIF('Capture log'!$B$3:$B$202,A17) | O17: In use: 10 typed pages in the explanation benchmark (not photographed, so not in the capture log).
A18: S17 | B18: DocLayNet | C18: Public dataset (layout) | D18: English | E18: https://github.com/DS4SD/DocLayNet | F18: CDLA-Permissive (check) | G18: To verify | H18: Use for testing; cite | I18: Layout-model evaluation | J18: DocLayNet, IBM Research | K18: Daniel | L18: Not started | M18: 0 | N18: =COUNTIF('Capture log'!$B$3:$B$202,A18)
A19: S18 | B19: PubTabNet | C19: Public dataset (tables) | D19: English | E19: https://github.com/ibm-aur-nlp/PubTabNet | F19: CDLA-Permissive (check) | G19: To verify | H19: Use for testing; cite | I19: Table-reading evaluation | J19: PubTabNet, IBM Research | K19: Daniel | L19: Not started | M19: 0 | N19: =COUNTIF('Capture log'!$B$3:$B$202,A19)
A20: S19 | B20: im2latex-100k | C20: Public dataset (maths) | D20: — | E20: [dataset page] | F20: Check | G20: To verify | H20: Use for testing; cite | I20: Formula-reading evaluation | J20: im2latex-100k, Deng et al. | K20: Daniel | L20: Not started | M20: 0 | N20: =COUNTIF('Capture log'!$B$3:$B$202,A20)
A21: S20 | B21: AI2D (science diagrams) | C21: Public dataset (diagrams) | D21: English | E21: [dataset page] | F21: Check | G21: To verify | H21: Use for testing; cite | I21: Diagram-description evaluation | J21: AI2D, Allen Institute for AI | K21: Daniel | L21: Not started | M21: 0 | N21: =COUNTIF('Capture log'!$B$3:$B$202,A21)
A22: S21 | B22: FLEURS | C22: Public dataset (speech) | D22: Hausa, Yoruba, Igbo, English | E22: https://huggingface.co/datasets/google/fleurs | F22: CC BY 4.0 (check) | G22: To verify | H22: Use for testing; cite | I22: Speech recognition and TTS checks | J22: FLEURS, Google | K22: Daniel | L22: Collecting | M22: 0 | N22: =COUNTIF('Capture log'!$B$3:$B$202,A22) | O22: In use: ASR benchmark, 10 test clips per language, cached outside the repo (benchmark/asr/).
A23: S22 | B23: AfriSpeech-200 | C23: Public dataset (speech) | D23: Nigerian-accented English | E23: https://huggingface.co/datasets/intronhealth/afrispeech-200 | F23: CC BY-NC-SA 4.0 (check) | G23: To verify | H23: Non-commercial testing only | I23: Voice-command recognition checks | J23: AfriSpeech-200, Intron Health | K23: Daniel | L23: Not started | M23: 0 | N23: =COUNTIF('Capture log'!$B$3:$B$202,A23)
A24: S23 | B24: BibleTTS | C24: Public dataset (speech) | D24: Hausa, Yoruba and others | E24: [dataset page] | F24: CC BY-SA 4.0 (check) | G24: To verify | H24: Use for testing; cite | I24: TTS quality checks | J24: BibleTTS, Masakhane | K24: Daniel | L24: Not started | M24: 0 | N24: =COUNTIF('Capture log'!$B$3:$B$202,A24)
A25: S24 | B25: MAFAND-MT | C25: Public dataset (translation) | D25: Hausa, Yoruba, Igbo | E25: https://github.com/masakhane-io/lafand-mt | F25: Check | G25: To verify | H25: Use for testing; cite | I25: Translation-quality checks | J25: MAFAND-MT, Masakhane | K25: Daniel | L25: Not started | M25: 0 | N25: =COUNTIF('Capture log'!$B$3:$B$202,A25)
A26: S25 | B26: Team-written Skills lessons | C26: Own content | D26: English | E26: app/assets/lessons/lessons.json (repo) | F26: Our own, released CC BY 4.0 | G26: N/A — our own | H26: Yes | I26: Skills (Lead) lessons in the app | J26: Magana Learn team, CC BY 4.0 | K26: Daniel | L26: Collecting | M26: 0 | N26: =COUNTIF('Capture log'!$B$3:$B$202,A26) | O26: Draft, to be reviewed by rehabilitation trainers.
A27: S26 | B27: Team photos of misread labels | C27: Own content | D27: English | E27: backend/tests/fixtures/misreads/ (repo) | F27: Team-owned photos | G27: N/A — our own | H27: No — check each photo first (no personal data) | I27: Regression tests for number misreads | J27: Magana Learn team | K27: Daniel | L27: Collecting | M27: 0 | N27: =COUNTIF('Capture log'!$B$3:$B$202,A27)
A28: S27 | B28: Nigerian national curriculum subject and class names | C28: Reference (names only) | D28: English | E28: NERDC | F28: Names only; no curriculum text copied | G28: N/A | H28: No — names only, nothing to credit | I28: Class levels and subjects in the app and portal (backend/app/curriculum.py) | J28: — | K28: Daniel | L28: Done | M28: 0 | N28: =COUNTIF('Capture log'!$B$3:$B$202,A28)
A29: S28 | B29: Medicine-label phrase templates | C29: Own content | D29: Hausa, Yoruba, Igbo | E29: content/templates/ (repo) | F29: Our own, released CC BY 4.0 | G29: N/A — our own | H29: Yes | I29: Health-paper line translations with number slots | J29: Magana Learn team, CC BY 4.0 | K29: Dr. Amos | L29: Collecting | M29: 0 | N29: =COUNTIF('Capture log'!$B$3:$B$202,A29) | O29: Draft: 15 phrases. Native review, then Dr. Amos's clinical approval; only clinically approved ones are used.
A30: S29 | B30: Number and unit word lists; quiz answer forms | C30: Own content | D30: English, Hausa, Yoruba, Igbo | E30: content/number_words/, content/answers/closed_sets.json (repo) | F30: Our own, released CC BY 4.0 | G30: N/A — our own | H30: Yes | I30: The explanation number check | J30: Magana Learn team, CC BY 4.0 | K30: Daniel | L30: Collecting | M30: 0 | N30: =COUNTIF('Capture log'!$B$3:$B$202,A30) | O30: Needs native-speaker review.
A31: S30 | B31: Teacher-made quizzes (portal) | C31: Teacher materials | D31: Any | E31: The Magana server (MAGANA_DATA_DIR), never the repo | F31: Teacher's own work | G31: — | H31: No — used only in that teacher's sessions | I31: That teacher's class sessions | J31: — | K31: Teacher (TBC) | L31: Collecting | M31: 0 | N31: =COUNTIF('Capture log'!$B$3:$B$202,A31) | O31: Pilot. Never in the benchmark without the teacher's written permission (log it under Permissions).
A32: S31 | B32: MMS-TTS voices (facebook/mms-tts-eng, -hau, -yor) | C32: Model (speech synthesis) | D32: English, Hausa, Yoruba | E32: https://huggingface.co/facebook/mms-tts-hau | F32: CC BY-NC 4.0 | G32: Model card, 25 Oct 2026 | H32: No — non-commercial testing only | I32: Synthetic quiz-answer clips (benchmark/asr/answers_bench.py) | J32: MMS, Meta AI, CC BY-NC 4.0 | K32: Daniel | L32: Done | M32: 0 | N32: =COUNTIF('Capture log'!$B$3:$B$202,A32) | O32: Clips cached outside the repo, never published.
A33: S32 | B33: VITS OpenBible Igbo voice | C33: Model (speech synthesis) | D33: Igbo | E33: https://huggingface.co/multilingual-tts/VITS-OpenBible-Igbo | F33: CC BY-SA 4.0 | G33: Model card, 25 Oct 2026 | H33: No — clips not published | I33: Igbo quiz-answer clips (MMS has no Igbo voice) | J33: VITS-OpenBible-Igbo, multilingual-tts, CC BY-SA 4.0 | K33: Daniel | L33: Done | M33: 0 | N33: =COUNTIF('Capture log'!$B$3:$B$202,A33)
A34: S33 | B34: Magana LoRA training set | C34: Own content | D34: English (Hausa, Yoruba, Igbo drafts) | E34: data/lora/ (repo) | F34: Our own, released CC BY 4.0 | G34: N/A — our own | H34: Yes | I34: Training the Magana-ATLAS LoRA (placeholder explanations, refusals) | J34: Magana Learn team, CC BY 4.0 | K34: Daniel | L34: Collecting | M34: 0 | N34: =COUNTIF('Capture log'!$B$3:$B$202,A34) | O34: 30 pages, 80 English examples. Non-English only after native review. No benchmark page or topic used.
A35: S34 | B35: Nigeria's states and local government areas (36 states + FCT, 774 LGAs) | C35: Reference data (places) | D35: English (place names) | E35: https://github.com/xosasx/nigerian-local-government-areas | F35: MIT (© 2022 Osas Obazee); state codes ISO 3166-2:NG; LGA codes Magana's own (NG-LA-IKEJA); Wikidata IDs kept (CC0), 3 of them shared by same-name LGAs in two states | G35: Verified 25 Oct 2026 | H35: Yes, with the MIT notice (content/places/LICENSE-ng-lgas.txt) | I35: State and LGA pickers (school registration and anywhere Magana asks for a location), stored as codes | J35: Nigerian LGAs by Osas Obazee, MIT licence; Wikidata | K35: Daniel | L35: In use: content/places/ng_states_lgas.json | O35: Counts checked by backend/tests/test_places.py: 37 states and FCT, 774 LGAs, per-state counts (e.g. Lagos 20, Kano 44).
A36: S35 | B36: Wikipedia in Hausa, Yorùbá and Igbo | C36: Public text (encyclopaedia) | D36: Hausa, Yorùbá, Igbo | E36: https://ha.wikipedia.org · https://yo.wikipedia.org · https://ig.wikipedia.org | F36: CC BY-SA 4.0 | G36: Verified 26 Oct 2026 | H36: Yes, share-alike | I36: 10 article extracts per language for the letter test (benchmark/letters/, with each article's link); word frequencies from the dumps of 26 Oct 2026 for the word lists (content/word_lists/) | J36: Text from Hausa, Yorùbá and Igbo Wikipedia, CC BY-SA 4.0 | K36: Daniel | L36: In use: 30 extracts; 3 word lists | M36: 0 | N36: 0 | O36: Test pages are drawn, not photographed: not in the capture log. Word lists are derived works, CC BY-SA 4.0; not reviewed by native speakers.
A37: S36 | B37: English Wiktionary: Hausa, Yoruba and Igbo entries (kaikki.org extracts; Category:Igbo lemmas) | C37: Public dictionary | D37: Hausa, Yorùbá, Igbo | E37: https://kaikki.org/dictionary/ · https://en.wiktionary.org/wiki/Category:Igbo_lemmas | F37: CC BY-SA 4.0 (and GFDL) | G37: Verified 26 Oct 2026 | H37: Yes, share-alike | I37: Words with special letters for the letter check (content/word_lists/) | J37: Wiktionary contributors, CC BY-SA 4.0; extracts by kaikki.org | K37: Daniel | L37: In use: 3 word lists | M37: 0 | N37: 0 | O37: Kept only where the spelling is at least 25% of the word's uses in that Wikipedia.
A38: S37 | B38: Team-written two-column textbook-style pages | C38: Own content | D38: English | E38: benchmark/columns/pages.json | F38: Our own, released CC BY 4.0 | G38: N/A, our own | H38: Yes | I38: Two-column reading order and headings (scripts/column_order_test.py) | J38: Magana Learn team, CC BY 4.0 | K38: Daniel | L38: In use: 10 pages | M38: 10 | N38: 0 | O38: Drawn, not photographed. Real photographed textbook pages still to come.
A39: S38 | B39: Tesseract tessdata_fast: yor and script/Latin models | C39: Model (OCR) | D39: Yorùbá; Latin-script languages | E39: https://github.com/tesseract-ocr/tessdata_fast | F39: Apache-2.0 | G39: Verified 26 Oct 2026 | H39: Yes | I39: Reading Yorùbá and Igbo pages again so fewer special letters are lost (backend/Dockerfile, pinned) | J39: Tesseract OCR tessdata_fast, Apache-2.0 | K39: Daniel | L39: In use | M39: 0 | N39: 0
A40: S39 | B40: Google ML Kit Text Recognition v2 (Latin, bundled) | C40: Model (OCR, on the phone) | D40: Latin-script languages | E40: https://developers.google.com/ml-kit/vision/text-recognition/v2 | F40: Google ML Kit terms (free; proprietary SDK) | G40: Verified 26 Oct 2026 | H40: Ships inside the app; not redistributed separately | I40: Offline basic reading on the phone (app/lib/offline/) | J40: Text recognition by Google ML Kit | K40: Daniel | L40: In use | M40: 0 | N40: 0 | O40: Bundled model: nothing is downloaded or sent when reading offline.
L42: Total | M42: =SUM(M2:M34) | N42: =SUM(N2:N34)

Sheet Capture log
A1: Page ID | B1: Source ID | C1: Subject | D1: Content type | E1: Language | F1: Phone model | G1: Lighting | H1: Photo file name | I1: Ground truth done? | J1: Contains personal data? | K1: Captured by | L1: Date | M1: Notes | O1: Pages logged
A2: P001 | B2: S01 | C2: Biology | D2: Table | E2: English | F2: Tecno Spark (example) | G2: Dim indoor | H2: P001_S01_biology_table.jpg | I2: No | J2: No | K2: Daniel | L2: 2026-11-01 | M2: EXAMPLE ROW — replace with real entries | O2: =COUNTA(A3:A202)

Sheet Permissions
A1: Source ID | B1: Person | C1: Organisation / school | D1: Material covered | E1: Permission given (date) | F1: Evidence (form, email, WhatsApp screenshot) | G1: Restrictions | H1: Logged by
A2: S13 | B2: [Teacher name] (example) | C2: [School] | D2: Biology & Maths notes, SS2 | E2: 2026-11-02 | F2: Signed form in team drive | G2: Blank copies only; credit by name | H2: Daniel

Sheet Credits
A1: Attribution lines for the README and documentation (auto-built from Sources; publishable sources only)
A2: Copy column A into CREDITS.md. Credit is required, but it does not replace permission for copyrighted material.
A4: =IF(LEFT(Sources!H2,3)="Yes",Sources!B2&" — "&Sources!J2&" — "&Sources!E2,"")
A5: =IF(LEFT(Sources!H3,3)="Yes",Sources!B3&" — "&Sources!J3&" — "&Sources!E3,"")
A6: =IF(LEFT(Sources!H4,3)="Yes",Sources!B4&" — "&Sources!J4&" — "&Sources!E4,"")
A7: =IF(LEFT(Sources!H5,3)="Yes",Sources!B5&" — "&Sources!J5&" — "&Sources!E5,"")
A8: =IF(LEFT(Sources!H6,3)="Yes",Sources!B6&" — "&Sources!J6&" — "&Sources!E6,"")
A9: =IF(LEFT(Sources!H7,3)="Yes",Sources!B7&" — "&Sources!J7&" — "&Sources!E7,"")
A10: =IF(LEFT(Sources!H8,3)="Yes",Sources!B8&" — "&Sources!J8&" — "&Sources!E8,"")
A11: =IF(LEFT(Sources!H9,3)="Yes",Sources!B9&" — "&Sources!J9&" — "&Sources!E9,"")
A12: =IF(LEFT(Sources!H10,3)="Yes",Sources!B10&" — "&Sources!J10&" — "&Sources!E10,"")
A13: =IF(LEFT(Sources!H11,3)="Yes",Sources!B11&" — "&Sources!J11&" — "&Sources!E11,"")
A14: =IF(LEFT(Sources!H12,3)="Yes",Sources!B12&" — "&Sources!J12&" — "&Sources!E12,"")
A15: =IF(LEFT(Sources!H13,3)="Yes",Sources!B13&" — "&Sources!J13&" — "&Sources!E13,"")
... A36: =IF(LEFT(Sources!H34,3)="Yes",Sources!B34&" — "&Sources!J34&" — "&Sources!E34,"")
